Used Pct,1
Percent page file us,1
Pages Written per Sec,1
Pkts Recv Errors perdfgdf Sec,1
Not enough free archive space,1
HA Keep Alive Pkts per Sec,1
ccc_zom_xuxc_std,2
ccc_pgspc_xuxw_std,2
HA Limbo State,2
Background Dump Space Percent free is too low,3
ccc_cpuutil_3nt79FC3DF96EB0411A,3
ccc_noded_xul2_std,3
ccc_erp_xul2_std,6
Bad Pkts Recvd per Sec,16
URL Issue,16
ccc_prcmis_xuxc_std,35
cpu_busy : CPU Status,37
Pkts Sent Errors per Sec,46
Used Memory Pct,84
Qoverflow per Sec,93
Sent Pkts Dropped per Sec,112
Pkts Recv Errors per Sec,115
Service status,132
Percent disk active,150
Percent cpu idle,153
Percent space used,186
15 Minute Average PageIn/PageOut,289
Percent CPU Utilization,498
Disk service queue full,1120
